<?xml version="1.0" encoding="UTF-8"?>
<project-private xmlns="http://www.netbeans.org/ns/project-private/1">
    <editor-bookmarks xmlns="http://www.netbeans.org/ns/editor-bookmarks/2" lastBookmarkId="0"/>
    <open-files xmlns="http://www.netbeans.org/ns/projectui-open-files/2">
        <group>
            <file>file:/D:/Andhini%20Rahmitasari/Java/A1_K3_PBO/src/tiket/User_2.java</file>
            <file>file:/D:/Andhini%20Rahmitasari/Java/A1_K3_PBO/src/tiket/CRUD_4.java</file>
            <file>file:/D:/Andhini%20Rahmitasari/Java/A1_K3_PBO/src/tiket/Admin_3.java</file>
            <file>file:/D:/Andhini%20Rahmitasari/Java/A1_K3_PBO/src/tiket/Beranda_1.java</file>
        </group>
    </open-files>
</project-private>
